district,block,village,latitude,longitude
Nashik,Nashik Block-1,Nashik Block-1 Village-1,20.13112,73.79635
Nashik,Nashik Block-1,Nashik Block-1 Village-2,20.03939,73.82974
Nashik,Nashik Block-1,Nashik Block-1 Village-3,20.11942,73.80699
Nashik,Nashik Block-1,Nashik Block-1 Village-4,20.04346,73.76671
Nashik,Nashik Block-1,Nashik Block-1 Village-5,20.07258,73.82388
Nashik,Nashik Block-2,Nashik Block-2 Village-1,20.04227,73.8551
Nashik,Nashik Block-2,Nashik Block-2 Village-2,20.05561,73.83549
Nashik,Nashik Block-2,Nashik Block-2 Village-3,20.08838,73.90363
Nashik,Nashik Block-2,Nashik Block-2 Village-4,20.08003,73.87037
Nashik,Nashik Block-2,Nashik Block-2 Village-5,20.10554,73.935
Nashik,Nashik Block-3,Nashik Block-3 Village-1,20.08542,73.64465
Nashik,Nashik Block-3,Nashik Block-3 Village-2,20.04793,73.72136
Nashik,Nashik Block-3,Nashik Block-3 Village-3,20.11879,73.75549
Nashik,Nashik Block-3,Nashik Block-3 Village-4,20.06851,73.68385
Nashik,Nashik Block-3,Nashik Block-3 Village-5,20.08576,73.66213
Pune,Pune Block-1,Pune Block-1 Village-1,18.37661,73.86979
Pune,Pune Block-1,Pune Block-1 Village-2,18.40183,73.88933
Pune,Pune Block-1,Pune Block-1 Village-3,18.43341,73.8269
Pune,Pune Block-1,Pune Block-1 Village-4,18.44925,73.88598
Pune,Pune Block-1,Pune Block-1 Village-5,18.39587,73.82401
Pune,Pune Block-2,Pune Block-2 Village-1,18.53914,73.68951
Pune,Pune Block-2,Pune Block-2 Village-2,18.60958,73.76841
Pune,Pune Block-2,Pune Block-2 Village-3,18.59977,73.78231
Pune,Pune Block-2,Pune Block-2 Village-4,18.57022,73.75687
Pune,Pune Block-2,Pune Block-2 Village-5,18.53192,73.70237
Pune,Pune Block-3,Pune Block-3 Village-1,18.57875,73.87983
Pune,Pune Block-3,Pune Block-3 Village-2,18.58709,73.85446
Pune,Pune Block-3,Pune Block-3 Village-3,18.57803,73.8245
Pune,Pune Block-3,Pune Block-3 Village-4,18.51462,73.84043
Pune,Pune Block-3,Pune Block-3 Village-5,18.53667,73.83705
Nagpur,Nagpur Block-1,Nagpur Block-1 Village-1,21.19882,78.98215
Nagpur,Nagpur Block-1,Nagpur Block-1 Village-2,21.22705,79.02781
Nagpur,Nagpur Block-1,Nagpur Block-1 Village-3,21.25866,79.04245
Nagpur,Nagpur Block-1,Nagpur Block-1 Village-4,21.27154,78.99715
Nagpur,Nagpur Block-1,Nagpur Block-1 Village-5,21.2895,78.96842
Nagpur,Nagpur Block-2,Nagpur Block-2 Village-1,21.0293,78.96064
Nagpur,Nagpur Block-2,Nagpur Block-2 Village-2,20.96197,78.96534
Nagpur,Nagpur Block-2,Nagpur Block-2 Village-3,20.96089,78.98877
Nagpur,Nagpur Block-2,Nagpur Block-2 Village-4,20.99615,78.95094
Nagpur,Nagpur Block-2,Nagpur Block-2 Village-5,20.9788,78.98085
Nagpur,Nagpur Block-3,Nagpur Block-3 Village-1,21.0585,79.01992
Nagpur,Nagpur Block-3,Nagpur Block-3 Village-2,21.15337,78.98846
Nagpur,Nagpur Block-3,Nagpur Block-3 Village-3,21.07625,79.0208
Nagpur,Nagpur Block-3,Nagpur Block-3 Village-4,21.13779,78.99052
Nagpur,Nagpur Block-3,Nagpur Block-3 Village-5,21.09827,78.93716
Kolhapur,Kolhapur Block-1,Kolhapur Block-1 Village-1,16.57861,74.32836
Kolhapur,Kolhapur Block-1,Kolhapur Block-1 Village-2,16.56063,74.37359
Kolhapur,Kolhapur Block-1,Kolhapur Block-1 Village-3,16.54513,74.40687
Kolhapur,Kolhapur Block-1,Kolhapur Block-1 Village-4,16.61494,74.39042
Kolhapur,Kolhapur Block-1,Kolhapur Block-1 Village-5,16.57577,74.37936
Kolhapur,Kolhapur Block-2,Kolhapur Block-2 Village-1,16.68036,74.27815
Kolhapur,Kolhapur Block-2,Kolhapur Block-2 Village-2,16.67522,74.28753
Kolhapur,Kolhapur Block-2,Kolhapur Block-2 Village-3,16.70981,74.2456
Kolhapur,Kolhapur Block-2,Kolhapur Block-2 Village-4,16.68264,74.29877
Kolhapur,Kolhapur Block-2,Kolhapur Block-2 Village-5,16.6907,74.33927
Kolhapur,Kolhapur Block-3,Kolhapur Block-3 Village-1,16.74023,74.1401
Kolhapur,Kolhapur Block-3,Kolhapur Block-3 Village-2,16.78435,74.19524
Kolhapur,Kolhapur Block-3,Kolhapur Block-3 Village-3,16.76325,74.14729
Kolhapur,Kolhapur Block-3,Kolhapur Block-3 Village-4,16.72772,74.19625
Kolhapur,Kolhapur Block-3,Kolhapur Block-3 Village-5,16.78186,74.20597
Sambhajinagar,Sambhajinagar Block-1,Sambhajinagar Block-1 Village-1,19.84804,75.27587
Sambhajinagar,Sambhajinagar Block-1,Sambhajinagar Block-1 Village-2,19.86092,75.21599
Sambhajinagar,Sambhajinagar Block-1,Sambhajinagar Block-1 Village-3,19.9074,75.32093
Sambhajinagar,Sambhajinagar Block-1,Sambhajinagar Block-1 Village-4,19.82508,75.27988
Sambhajinagar,Sambhajinagar Block-1,Sambhajinagar Block-1 Village-5,19.82128,75.29406
Sambhajinagar,Sambhajinagar Block-2,Sambhajinagar Block-2 Village-1,19.83781,75.42336
Sambhajinagar,Sambhajinagar Block-2,Sambhajinagar Block-2 Village-2,19.7635,75.44105
Sambhajinagar,Sambhajinagar Block-2,Sambhajinagar Block-2 Village-3,19.7782,75.33562
Sambhajinagar,Sambhajinagar Block-2,Sambhajinagar Block-2 Village-4,19.81715,75.37564
Sambhajinagar,Sambhajinagar Block-2,Sambhajinagar Block-2 Village-5,19.85014,75.42812
Sambhajinagar,Sambhajinagar Block-3,Sambhajinagar Block-3 Village-1,19.79625,75.48098
Sambhajinagar,Sambhajinagar Block-3,Sambhajinagar Block-3 Village-2,19.79206,75.5315
Sambhajinagar,Sambhajinagar Block-3,Sambhajinagar Block-3 Village-3,19.78109,75.42456
Sambhajinagar,Sambhajinagar Block-3,Sambhajinagar Block-3 Village-4,19.81355,75.53825
Sambhajinagar,Sambhajinagar Block-3,Sambhajinagar Block-3 Village-5,19.86834,75.509
Amravati,Amravati Block-1,Amravati Block-1 Village-1,21.0515,77.84825
Amravati,Amravati Block-1,Amravati Block-1 Village-2,21.08188,77.88973
Amravati,Amravati Block-1,Amravati Block-1 Village-3,21.03408,77.82167
Amravati,Amravati Block-1,Amravati Block-1 Village-4,21.07885,77.84183
Amravati,Amravati Block-1,Amravati Block-1 Village-5,21.10166,77.83925
Amravati,Amravati Block-2,Amravati Block-2 Village-1,20.77722,77.81315
Amravati,Amravati Block-2,Amravati Block-2 Village-2,20.83075,77.89658
Amravati,Amravati Block-2,Amravati Block-2 Village-3,20.7824,77.82887
Amravati,Amravati Block-2,Amravati Block-2 Village-4,20.85212,77.90825
Amravati,Amravati Block-2,Amravati Block-2 Village-5,20.81892,77.8089
Amravati,Amravati Block-3,Amravati Block-3 Village-1,20.742,77.69252
Amravati,Amravati Block-3,Amravati Block-3 Village-2,20.7408,77.67196
Amravati,Amravati Block-3,Amravati Block-3 Village-3,20.80949,77.68093
Amravati,Amravati Block-3,Amravati Block-3 Village-4,20.75015,77.70769
Amravati,Amravati Block-3,Amravati Block-3 Village-5,20.81203,77.69987
